{
    "loss": 7.5331549644470215,
    "accuracy": 0.5753228068351746
}