{
    "loss": 5.733616828918457,
    "accuracy": 0.5882353186607361
}